{"min": [-0.461265, -0.832568, -0.268542], "max": [0.500893, 0.811119, 0.276681]}