{"min": [-0.620575, -0.801342, -0.728974], "max": [0.572794, 0.911786, 0.609809]}