{"min": [-0.51452, -0.689447, -0.624205], "max": [0.50825, 0.729703, 0.848193]}