{"min": [-0.989485, -0.147556, -0.965845], "max": [0.865327, 0.54546, 0.977848]}