{"min": [-0.478687, -0.498719, -0.580447], "max": [0.454615, 0.501508, 0.943753]}