{"min": [-0.237059, -0.18474, -1.003827], "max": [0.238255, 0.415854, 0.988669]}