{"min": [-0.436688, -0.767199, -0.429892], "max": [0.466919, 0.64551, 0.605202]}