{"min": [-0.711311, -0.865619, -0.623051], "max": [0.660592, 0.654616, 0.631544]}