{"min": [-0.224577, -0.607657, -0.75919], "max": [0.220007, 0.64893, 0.950152]}